0,steering wheel control,steering wheel control
1,audio modality,audio modality
2,body motion analysis,body motion analysis
3,eeg,eeg
4,respiration sensor,respiration sensor
4,pressure-based respiration sensor,respiration sensor
5,eye status analysis,eye status analysis
5,eye condition analysis,eye status analysis
6,head angle,head angle
7,video analytics,video analytics
8,face landmark algorithm,face landmark algorithm
8,face landmark coordinates,face landmark algorithm
9,image-based,image-based
9,image-based data,image-based
9,vision-based,image-based
10,vehicle motion data,vehicle motion data
10,vehicle dynamics data,vehicle motion data
10,motion data,vehicle motion data
10,vehicle trajectory data,vehicle motion data
11,eye blink,eye blink
11,eye blink counts,eye blink
11,eye blinking,eye blink
12,lane deviation,lane deviation
12,lane deviation monitoring,lane deviation
13,heartbeat,heartbeat
13,heartbeat signals,heartbeat
14,infrared technology,infrared technology
15,facial element analysis,facial components analysis
15,facial components,facial components analysis
15,facial components analysis,facial components analysis
16,eye movement,eye movement
16,eye dynamics,eye movement
16,eye movement behavior imagery,eye movement
16,eye motion,eye movement
17,self-rated fatigue and sleepiness,self-rated fatigue and sleepiness
18,radar sensor,radar sensor
19,mouth state feature,mouth state feature
20,behavioral analysis,behavioral analysis
20,behavioral measures,behavioral analysis
21,skin conduction,skin conduction
21,skin conductance (sc),skin conduction
22,shannon entropy,shannon entropy
23,hand acceleration,hand acceleration
24,saccade velocity,saccade velocity
24,saccade amplitude,saccade velocity
25,srnet-fr,srnet-fr
26,geometric features,geometric features
27,usb camera,usb camera
28,blood oxygen saturation,blood oxygen saturation
28,oxygen saturation,blood oxygen saturation
28,blood oxygen level,blood oxygen saturation
29,body temperature,body temperature
30,perclos-80,perclos-80
30,perclos,perclos-80
30,perclos p80,perclos-80
31,closing eyes rate,closing eyes rate
32,driving behavior,driving behavior
32,driving behavior variables,driving behavior
33,pressure,pressure
34,pupillary light reflex,pupillary light reflex
34,pupillary reflex,pupillary light reflex
35,lf/hf,lf/hf
35,lf,lf/hf
35,hf,lf/hf
36,tracking performance,tracking performance
37,obd unit,obd unit
37,obd-ii,obd unit
38,environmental data,environmental data
39,physiological data readings,physiological data readings
40,pvt,pvt
41,head movement estimation,head movement estimation
41,head pose estimation,head movement estimation
41,head movement monitoring,head movement estimation
42,image recognition,image recognition
43,self-touching hand motion,self-touching hand motion
44,subjective self-assessment surveys,subjective self-assessment surveys
45,heart rate data,heart rate data
45,heart rate monitoring,heart rate data
46,viola-jones method,viola-jones method
46,viola-jones algorithm,viola-jones method
47,proximity sensor,proximity sensor
47,distance sensor,proximity sensor
48,task performance,task performance
49,facial feature,facial feature
50,wrist actigraphy,wrist actigraphy
50,actigraphy,wrist actigraphy
51,electrooculography,electrooculography
51,electrooculography (eog),electrooculography
52,motion sensor,motion sensor
53,breath rate,breath rate
53,breathing rate,breath rate
54,photopletismographic,photopletismographic
55,sdlat,sdlat
56,emd,emd
57,psychomotor vigilance task (pvt-b),psychomotor vigilance tests (pvt)
57,psychomotor vigilance test,psychomotor vigilance tests (pvt)
57,psychomotor vigilance tests (pvt),psychomotor vigilance tests (pvt)
58,clock,clock
59,polysomnogram,polysomnogram
60,electrocardiography,electrocardiography
60,electrocardiogram,electrocardiography
60,capacitive electrocardiography,electrocardiography
61,yawning frequency,yawning frequency
61,dynamic threshold value for yawning,yawning frequency
61,yawning detection,yawning frequency
61,yawning duration,yawning frequency
62,video camera,video camera
63,facial analysis,facial analysis
63,facial features analysis,facial analysis
63,facial behavior analysis,facial analysis
64,frequency doubler,frequency doubler
65,eye location,eye locating
65,eye locating,eye locating
65,eyetracking,eye locating
66,imaging photoplethysmography (ippg),photoplethysmography (ppg)
66,photoplethysmography (ppg),photoplethysmography (ppg)
66,photoplethysmogram (ppg) signal,photoplethysmography (ppg)
67,engine speed,engine speed
68,gabor wavelets,gabor wavelets
68,gabor wavelet filter,gabor wavelets
69,reaction time variables,reaction time variables
69,reaction time measurements,reaction time variables
70,infrared imaging,infrared imaging
70,infrared images,infrared imaging
70,imaging with ir light,infrared imaging
71,lane features,lane features
72,pressure sensor array,pressure sensor array
73,bron-lyon attention stability test (blast),bron-lyon attention stability test (blast)
74,mean sleep latency test,mean sleep latency test
75,body acceleration,body acceleration
76,postural control,postural
76,postural changes,postural
76,postural,postural
77,pedal controlling pattern,pedal controlling pattern
78,fatigue questionnaires,fatigue questionnaires
79,steering wheel position,steering wheel motion
79,steering wheel activity,steering wheel motion
79,steering wheel turns,steering wheel motion
79,steering wheel motion,steering wheel motion
79,steering wheel movements,steering wheel motion
80,color segmentation,color segmentation
80,color analysis,color segmentation
81,vehicle lateral position,vehicle lateral position
82,projection technique,projection technique
83,questionnaire,questionnaire
84,d-ors,d-ors
85,apen,apen
86,magnetometer,magnetometer
86,mems magnetometer,magnetometer
87,sleepiness detection,sleepiness detection
87,sleep monitoring,sleepiness detection
88,head position,head position
89,facial expression analysis,facial expression analysis
90,vehicle-based,vehicle-based
91,electrodermal activity,electrodermal activity
91,electrodermal activity (eda),electrodermal activity
92,average fixation duration,average fixation duration
92,duration of fixation,average fixation duration
93,haar-like features,haar-like features
93,haar-like features approach,haar-like features
94,phog,phog
95,neck posture,neck posture
96,blood volume pulse vector (pbv),blood volume pulse (bvp)
96,blood volume pulse (bvp),blood volume pulse (bvp)
97,eye blinking rate,eye blinking rate
97,eye blink frequency,eye blinking rate
98,speech analysis,speech analysis
99,eyelid aperture estimation,eyelid aperture estimation
99,eye aperture,eyelid aperture estimation
100,bio-signal,bio-signal
101,eye and mouth state analysis,eye and mouth state analysis
101,face state (eyes and mouth),eye and mouth state analysis
101,eye and mouth information,eye and mouth state analysis
102,hough transformation,hough transformation
102,point hough transform,hough transformation
103,median filtering,median filtering
104,eye state detection,eye state detection
104,eye state monitoring,eye state detection
104,eye detection,eye state detection
105,co2,co2
106,cognitive testing,cognitive testing
107,video sequences,video sequences
107,depth video sequences,video sequences
108,activity records,activity records
108,activity data,activity records
109,gprs,gprs
110,functional connectivity (fc),functional connectivity (fc)
111,delay of lid reopening,delay of lid reopening
112,throttle position,throttle position
112,throttle,throttle position
113,audio,audio
114,gaze estimation,gaze tracking
114,eye gaze,gaze tracking
114,gaze tracking,gaze tracking
115,wireless sensors,wireless sensors
116,sitting pressure measurement,sitting pressure measurement
116,sitting-pressure sensor,sitting pressure measurement
116,sitting pressure,sitting pressure measurement
117,bac,bac
118,steering movements,steering movements
119,image acquisition,image acquisition
120,skin color features,skin color features
121,mfv,mfv
122,steering wheel grip force measurement,steering wheel grip force measurement
123,standard deviation of speed,standard deviation of speed
124,event-related potentials (erps),event-related potentials (erps)
125,time to lane crossing,time to lane crossing
126,dadt,dadt
127,inertial unit,inertial unit
128,salivary markers,salivary markers
129,visual features,visual features
130,pca,pca
130,pca method,pca
131,pulse waves,pulse waves
131,pulse wave analysis,pulse waves
132,inspiration-to-expiration time ratio,inspiration-to-expiration time ratio
133,biometric sensors,biometric sensors
133,biometric measurements,biometric sensors
134,yoke inputs,yoke inputs
135,driving performance assessments,driving performance measures
135,driving performance measures,driving performance measures
135,driving performance characteristic parameters,driving performance measures
136,alcohol sensor (mq-135),alcohol sensor
136,alcohol detection,alcohol sensor
136,alcohol sensor,alcohol sensor
137,hog,hog feature
137,hog feature,hog feature
138,eye aspect ratio,eye aspect ratio
138,eye aspect ratio (ear),eye aspect ratio
139,huawei smartwatch,huawei smartwatch
140,pupil tracking,pupil tracking
140,pupil-based metrics,pupil tracking
141,actigraphs,actigraphs
142,pilot input measurements,pilot input measurements
143,stft,stft
144,peak-to-peak amplitude,peak-to-peak amplitude
145,head optical flow,optical flow
145,optical flow,optical flow
145,optic flow,optical flow
146,facial tracking,facial tracking
147,brake pedal,brake pedal
148,mouth opening degree,mouth opening degree
149,blink detection,eye blink detection
149,eye blink analysis,eye blink detection
149,eye blink detection,eye blink detection
149,eye blink parameters,eye blink detection
150,mechanical sensor,mechanical sensor
151,nasal eda (neda),nasal eda (neda)
152,electroencephalography (eeg),electroencephalography (eeg)
152,electroencephalogram,electroencephalography (eeg)
153,eye-opening,eye-opening
153,eye openness,eye-opening
154,oculography,infrared oculography
154,infrared-reflectance oculography,infrared oculography
154,infrared oculography,infrared oculography
155,vehicle kinematics,vehicle kinematics
155,vehicle kinematics signals,vehicle kinematics
156,gsm module,gsm module
156,gsm,gsm module
157,context data,context data
157,contextual information,context data
158,gyroscopes,gyroscopes
158,gyroscopic signals,gyroscopes
159,image histograms,image histograms
159,histogram analysis,image histograms
160,standard deviation of lateral position (sdlp),standard deviation of lateral position (sdlp)
160,standard deviation of lateral position,standard deviation of lateral position (sdlp)
161,physiological information,physiological measures
161,physiological measures,physiological measures
161,physiological assessments,physiological measures
162,gripping force,gripping force
163,facial action,facial movement
163,facial movement analysis,facial movement
163,facial movement,facial movement
164,accelerometers,accelerometers
164,accelerometry,accelerometers
165,p200 component,p200 component
166,adaboost algorithm,adaboost algorithm
167,samn-perelli scale,samn-perelli scale
168,temperature sensor,temperature sensor
168,semiconductor temperature sensor,temperature sensor
168,temperature measurement,temperature sensor
169,facial detection,facial detection
169,facial recognition,facial detection
169,facial structure detection,facial detection
169,facial features detection,facial detection
170,k-means clustering,k-means clustering
171,piezoelectric sensor,piezoelectric sensor
172,particulate matter,particulate matter
172,particulate matter sensor,particulate matter
173,acceleration noise analysis,acceleration noise analysis
174,accuracy,performance accuracy
174,performance accuracy,performance accuracy
175,velocity difference,velocity difference
175,velocity,velocity difference
176,fom,fom
177,matching pursuit algorithm,matching pursuit algorithm
178,speech emotion recognition,speech emotion recognition
178,emotion recognition,speech emotion recognition
179,semg,semg
180,emg,emg
180,facial emg,emg
181,respiratory information,respiratory information
181,respiratory measurements,respiratory information
181,cardio-respiratory data,respiratory information
182,(theta+alpha)/(alpha+beta),(theta+alpha)/(alpha+beta)
183,accelerator,accelerator
184,visible light camera sensor,visible light camera sensor
184,visible-light camera,visible light camera sensor
185,psd,psd
186,acoustic features (prosodic and phonetic),acoustic features (prosodic and phonetic)
187,eyelid closures,eyelid closures
188,oximeter,oximeter
189,ht-r,ht-r
190,kalman filtering,kalman filtering
191,morphological operations,morphological operations
192,sleep diary,sleep diary
192,sleep/duty diary,sleep diary
193,acceleration,acceleration
193,3d acceleration,acceleration
194,valve-type semidry electrode,valve-type semidry electrode
195,gps speed,gps speed
196,microwave doppler radar,microwave doppler radar
196,doppler radar,microwave doppler radar
197,eyeblink frequency,eyeblink frequency
198,wrist activity monitor,wrist activity monitor
198,wrist activity,wrist activity monitor
199,fourier transforms of tracking errors,fourier transforms of tracking errors
200,yaw rate,yaw rate
201,facial feature point location,facial feature point location
201,facial feature points,facial feature point location
202,ceegrids,ceegrids
203,borg rpe,borg rpe
204,eye closure time,eye closure time
204,eye closing time,eye closure time
204,eye closure,eye closure time
204,closed eyes time,eye closure time
205,force,force
206,king-devick test,king-devick test
207,contactless,contactless
208,driver monitoring system signals,driver monitoring system signals
209,equipment-based,equipment-based
210,critical flicker fusion frequency (cff) test,critical flicker fusion frequency (cff) test
211,relative band ratio (rbr),relative band ratio (rbr)
212,euclidean distance of the eye,euclidean distance of the eye
213,lane keeping characteristics,lane keeping
213,lane holding,lane keeping
213,lane keeping,lane keeping
214,subjective measures,subjective measures
215,anchor box sizing,anchor box sizing
216,eye characteristics,eye characteristics
216,eye features,eye characteristics
217,yawnfrec,yawnfrec
217,yawnfreq,yawnfrec
218,template matching,template matching
219,wi-fi signal features,wi-fi signal features
219,wifi signals,wi-fi signal features
220,vehicle driving data,vehicle driving data
221,tachograph records,tachograph records
222,urine amt6s,urine amt6s
223,face video,face video
223,facial videos,face video
224,thermal camera,thermal camera
225,time-on-task,time-on-task
226,video recordings of eyelid movements,eyelid movements
226,eyelid movements,eyelid movements
226,velocity of eyelid movements,eyelid movements
226,eyelid position,eyelid movements
227,sleepiness ratings (sss),sleepiness ratings (sss)
227,stanford sleepiness scale (sss),sleepiness ratings (sss)
228,engagement index,engagement index
229,relaxation value,relaxation value
230,microsleep,microsleep
231,image processing-based techniques,image processing-based techniques
232,depth map,depth map
233,skeletal data,skeletal data
234,go/nogo paradigm,go/nogo paradigm
235,closing speed,closing speed
236,rppg,rppg
237,johns drowsiness scale,johns drowsiness scale
238,textural-based gradient patterns,textural-based gradient patterns
239,fmcw radar,fmcw radar
240,long short-term memory recurrent neural network,long short-term memory recurrent neural network
241,functional near-infrared spectroscopy (fnirs),functional near-infrared spectroscopy (fnirs)
241,functional near-infrared spectroscopy,functional near-infrared spectroscopy (fnirs)
242,block local-binary-pattern features,block local-binary-pattern features
243,object detection,object detection
244,perspective transformation,perspective transformation
245,not found,not found
246,integral projection,integral projection
247,behavorial,behavorial
248,amplitude to velocity ratio,amplitude to velocity ratio
248,positive amplitude-velocity ratio,amplitude to velocity ratio
249,iowa gambling task,iowa gambling task
250,fuzzy entropy,fuzzy entropy
251,humidity,humidity
252,off-road events,off-road events
253,oculomotor response,oculomotor response
254,3d deep learning network,3d deep learning network
255,self-centred gestures,behavioural gestures
255,behavioural gestures,behavioural gestures
255,hand gestures,behavioural gestures
256,video images,video images
257,head non-positive face rate (hnfr),head non-positive face rate (hnfr)
258,rgb camera,rgb camera
258,rgb-d camera,rgb camera
259,plcdb,plcdb
260,ads1298,ads1298
261,mouth state recognition via corner points image,mouth state recognition via corner points image
261,mouth shape tracking,mouth state recognition via corner points image
262,behavioural data acquisition,behavioural data acquisition
263,centroid coordinates of two-hand (arm) region,centroid coordinates of two-hand (arm) region
264,acoustic quality of voice,acoustic quality of voice
265,gradient vectors,gradient vectors
266,reaction time,reaction time (rt)
266,reaction time (rt),reaction time (rt)
266,reaction time (rt) tests,reaction time (rt)
267,multi-sensors,multi-sensors
268,galvanic skin response,galvanic skin response
268,galvanic skin conductance,galvanic skin response
268,galvanic skin resistance,galvanic skin response
269,built-in sensors,built-in sensors
269,sensors,built-in sensors
270,heart variability,heart rate variability
270,heart-rate variability (hrv),heart rate variability
270,heart rate variability,heart rate variability
271,phase locking value (plv),phase locking value (plv)
272,aecs,aecs
273,simulation data,simulation data
274,rr intervals,rr intervals
275,capacitive coupling electrode,capacitive coupling electrode
276,video monitoring,video monitoring
277,head twisting movement,head movement
277,head rotation,head movement
277,head movement,head movement
278,wearable system,wearable system
279,pupillographic sleepiness test (pst),pupillographic sleepiness test (pst)
279,validated pupillographic sleepiness test,pupillographic sleepiness test (pst)
280,blink features,blink features
280,blink information,blink features
281,lightweight ssd detection model,lightweight ssd detection model
282,vehicular,vehicular
283,flann,flann
284,wrinkle changes,wrinkle changes
285,digit symbol substitution test,digit symbol substitution test
286,breathing,breathing
287,freeman chain,freeman chain
288,cecg,cecg
289,eyelid distance measurement,eyelid distance measurement
289,eyelid distance,eyelid distance measurement
289,eyelid measures,eyelid distance measurement
290,spectral,spectral
291,load center position,load center position
292,local edge intensity,local edge intensity
293,strain,strain
294,systolic blood pressure,systolic blood pressure
295,bf,bf
296,hr,hr
297,lf/hf ratio,lf/hf ratio
298,cnn,cnn
299,3-axes acceleration sensors,3-axes acceleration sensors
300,actimeter,actimeter
301,t-nose,t-nose
302,bp ann,bp ann
303,spo2,spo2
304,attention value,attention value
305,trajectory analysis,trajectory analysis
306,external environmental complexity,external environmental complexity
307,video streaming,video streaming
307,video streams,video streaming
308,circularity,circularity
309,polygraph (pg),polygraph (pg)
309,polygraphs,polygraph (pg)
310,distance vectors,distance vectors
311,inceptionv3,inceptionv3
312,fixation data,fixation data
313,ssb modulator,ssb modulator
314,touch-screen device,touch-screen device
315,li-fi,li-fi
316,pvdf sensor,pvdf sensor
317,stroop test,stroop test
318,black ratio,black ratio
319,mar,mar
320,tracking error,tracking error
321,electric field,electric field
322,connectivity analysis,connectivity analysis
323,otsu method,otsu method
324,eye orientation,eye orientation
324,facial orientation,eye orientation
324,gaze orientation,eye orientation
325,osler test,osler test
326,speech processing,speech processing
326,speech recognition,speech processing
327,apnealink,apnealink
328,noise level,noise level
329,pupil area,pupil area
329,pupillometry,pupil area
329,pupil diameter,pupil area
330,brain biophysiological signals,brain biophysiological signals
331,blood biomarkers,blood biomarkers
332,mouth aperture ratio (mar),mouth aperture ratio (mar)
333,mlbp,mlbp
334,transmitting antenna array,transmitting antenna array
335,kss,kss
336,exposed sclera,exposed sclera
337,facial thermal patterns,facial thermal patterns
337,facial thermal imaging,facial thermal patterns
338,standing-position balance test,standing-position balance test
339,eye analysis,eye analysis
339,eye width analysis,eye analysis
340,bayevsky stress index,bayevsky stress index
341,heartbeat interval (hbi),heartbeat interval (hbi)
342,complex reactionmeter drenovac (crd),complex reactionmeter drenovac (crd)
343,hilbert-huang transform,hilbert-huang transform
344,salivary alpha-amylase,salivary alpha-amylase
345,nasa-tlx questionnaire,nasa-tlx questionnaire
346,glucocorticoid,glucocorticoid
347,rbem,rbem
348,fair-2 test,fair-2 test
349,deceleration control,deceleration control
350,interior vehicle cameras,interior vehicle cameras
350,in-vehicle camera,interior vehicle cameras
351,image segmentation,image segmentation
352,electrical bioimpedance system,electrical bioimpedance system
353,imu,imu
354,images,images
354,image,images
355,optalert (tm),optalert (tm)
356,watch-pat,watch-pat
357,electromyography (emg),electromyography (emg)
357,surface electromyography,electromyography (emg)
358,late positive potential (lpp),late positive potential (lpp)
359,mackworth clock test,mackworth clock test
359,mackworth clock task,mackworth clock test
360,respiration,respiration
361,pom,pom
362,snake model algorithm,snake model algorithm
363,ocular index,ocular index
363,eye index (ei),ocular index
364,samn-perelli fatigue scale,samn-perelli fatigue scale
364,samn-perelli fatigue ratings,samn-perelli fatigue scale
365,haar cascade,haar cascade
366,nodfreq,nodfreq
367,multi-level multi scale feature extraction,multi-level multi scale feature extraction
368,iris-sclera pattern analysis,iris-sclera pattern analysis
369,frame-difference method,frame-difference method
370,sweat lactate biosensor,sweat lactate biosensor
371,temperature,temperature
372,facial aspect ratio,facial aspect ratio
372,mouth aspect ratio,facial aspect ratio
373,hue (h) channel,hue (h) channel
374,fine operation ability,fine operation ability
375,complexity function,complexity function
376,thermogalvanic,thermogalvanic
377,cdf analysis,cdf analysis
378,grayscale image processing,grayscale image processing
379,regression trees,regression trees
380,head nod,head nod
380,head nodding,head nod
381,near-infrared images,near-infrared-ray
381,near-infrared-ray,near-infrared-ray
381,near-infrared intensity,near-infrared-ray
382,side-view video,side-view video
383,body mass index (bmi),body mass index (bmi)
384,facial landmark-based eye closure detection,facial landmark-based eye closure detection
384,eye closure detection,facial landmark-based eye closure detection
385,quadrature mixers,quadrature mixers
386,power spectrum density (psd),power spectrum density (psd)
387,ultrasonic sensor,ultrasonic sensor
388,classification using multi-scale 1-nn algorithm,classification using multi-scale 1-nn algorithm
389,constriction latency,constriction latency
390,millimeter wave (mmw) radar,millimeter wave (mmw) radar
390,mmwave radar,millimeter wave (mmw) radar
391,ycbcr transformation,ycbcr transformation
392,mtcnn,mtcnn
393,yawning,yawning
393,yawn,yawning
394,obd-to-bluetooth dongle,obd-to-bluetooth dongle
395,ltv system,ltv system
396,head posture detection,head posture detection
396,head position tracking,head posture detection
397,virtual lbs data,virtual lbs data
398,touch response,touch response
399,edge detection,edge detection
400,behavioral,behavioral
400,behavioural,behavioral
401,reading mistakes,reading mistakes
402,electrophysiological indices,electrophysiological indices
403,stop-bang,stop-bang
404,nanosecond pulse near-field sensing (npns),nanosecond pulse near-field sensing (npns)
405,alpha wave,alpha wave
406,resp,resp
407,task load index (tli),task load index (tli)
407,task load index,task load index (tli)
408,emergency response capability,emergency response capability
409,cortisol detection,cortisol detection
410,computer vision,computer vision
410,machine vision,computer vision
411,subjective sleepiness,subjective sleepiness ratings
411,self-reported sleepiness/alertness ratings,subjective sleepiness ratings
411,subjective sleepiness ratings,subjective sleepiness ratings
412,color and intensity mapping,color and intensity mapping
413,wavelets transform,wavelets transform
414,continuous performance test (cpt),continuous performance test (cpt)
415,ellipse fitting,ellipse fitting
416,rfid,rfid
417,infrared ccd camera,infrared ccd camera
418,ebr,ebr
419,shi-tomasi detector,shi-tomasi detector
420,speed monitoring,speed monitoring
421,steering angle,steering wheel angles
421,steering wheel angles,steering wheel angles
421,steering wheel angle sensor,steering wheel angles
422,perclose,perclose
423,skin color region distance extraction,skin color region distance extraction
424,endpoint interaction forces,endpoint interaction forces
425,support vector machines,support vector machines
426,ekg,ekg
427,continuous blood pressure (cbp),continuous blood pressure (cbp)
428,aot,aot
429,nbm,nbm
430,adjusted neck circumference (anc),adjusted neck circumference (anc)
431,symmetries detection,symmetries detection
432,facial action units (aus),facial action units (aus)
433,blazeface,blazeface
434,homomorphic filtering,homomorphic filtering
435,i and k color information,i and k color information
436,voice recordings,voice recordings
437,fisher classifier,fisher classifier
438,vehicle cabin vibration signal,vehicle cabin vibration signal
439,fd-d-2 fit-for-duty,fd-d-2 fit-for-duty
440,engine load,engine load
441,cognitive performance,cognitive performance
442,ippg,ippg
443,point cloud,point cloud
444,body movements,body movements
445,eyebrow position,eyebrow position
446,copilot,copilot
447,radial basis function network,radial basis function network
448,fitness-for-duty test,fitness-for-duty test
449,psychological data,psychological data
450,wt,wt
451,vehicle heading difference,vehicle heading difference
452,murt test,murt test
453,fec,fec
454,peropen,peropen
455,vehicle's active probe action,vehicle's active probe action
456,bihistogram equalization,bihistogram equalization
457,critical fusion frequency,critical fusion frequency
458,mobile app,mobile app
459,control time histories,control time histories
460,can-bus,can-bus
461,matcn block,matcn block
462,lms adaptive filter,lms adaptive filter
463,limit switch,limit switch
464,transcranial doppler,transcranial doppler
465,lbp,lbp
466,zigbee,zigbee
467,embedded system,embedded system
468,improved camshift algorithm,improved camshift algorithm
469,phoneme spectrogram,phoneme spectrogram
470,ppg,ppg
471,kinetic-related features,kinetic-related features
472,imfs,imfs
473,em,em
474,equipment-based data,equipment-based data
474,equipment-based data acquisition,equipment-based data
475,kinect depth image,kinect depth image
476,saccade number,saccade number
476,saccade counts,saccade number
477,gt block,gt block
478,operator's performance,operator's performance
479,vicon motion capture system,vicon motion capture system
480,affine transformation,affine transformation
481,maintenance of wakefulness test (mwt),maintenance of wakefulness test (mwt)
482,velocity rmse,velocity rmse
483,steering data,steering data
483,steering-related information,steering data
484,alcohol gas level,alcohol gas level
485,hand pressure sensors,hand pressure sensors
485,pressure sensors,hand pressure sensors
486,music logs,music logs
487,stroke volume data,stroke volume data
488,inter-beat-interval (ibi),inter-beat-interval (ibi)
489,samn-perlli crew status check,samn-perlli crew status check
490,aircraft state measurements,aircraft state measurements
491,thoracic effort signal analysis,thoracic effort signal analysis
492,sweating,sweating
493,steering input behavior monitoring,steering input behavior monitoring
493,steering input,steering input behavior monitoring
494,fatigue avoidance scheduling tool (fast),fatigue avoidance scheduling tool (fast)
495,ess,ess
496,ear,ear
497,yolov3,yolov3
498,capacitance measurements,capacitance measurements
499,cameras,cameras
500,gps,gps
500,gps location,gps
501,visual fatigue meter (vfm),visual fatigue meter (vfm)
502,brain power map,brain power map
503,t-wrist,t-wrist
504,intraocular pressure,intraocular pressure
505,inertial motion sensing,inertial motion sensing
505,inertial sensors,inertial motion sensing
506,unity eyes generated data,unity eyes generated data
507,time-of-day,time-of-day
508,tracking data,tracking
508,object tracking,tracking
508,tracking,tracking
509,external traffic information,external traffic information
510,complexion clustering,complexion clustering
511,erp,erp
512,standardised lid closure speed,standardised lid closure speed
513,breaking frequency,breaking frequency
514,head state,head state
515,biomedical data acquisition,biomedical data acquisition
516,heartbeat measurement,heartbeat measurement
516,heart measurement,heartbeat measurement
517,bio-parameters,bio-parameters
518,joystick tracking,joystick tracking
519,ballistocardiogram,ballistocardiogram
520,deep convolutional neural networks,deep convolutional neural networks
521,facial color changes,facial color changes
522,mouth,mouth
523,berlin test,berlin test
524,facial skin temperature,forehead skin temperature
524,forehead skin temperature,forehead skin temperature
525,posturographic balance,posturographic balance
526,mq3 sensor,mq3 sensor
527,accommodative response,accommodative response
528,epworth scale,epworth scale
529,rpm,rpm
530,driver position,driver position
530,driver's head position,driver position
531,human back pressure,human back pressure
532,multichannel frequency-domain ratio indices,multichannel frequency-domain ratio indices
533,optical correlator,optical correlator
534,eye tracing,eye tracing
534,face tracing,eye tracing
535,semi-dry electrode,semi-dry electrode
535,wet electrode,semi-dry electrode
536,eec,eec
537,vital signs,vital signs
538,surf features,surf features
539,borg cr-10 scale,borg cr-10 scale
540,vehicle-to-vehicle (v2v) communication,vehicle-to-vehicle (v2v) communication
541,mpeg compression,mpeg compression
542,fitbit versa 2,fitbit versa 2
543,acoustic signals,acoustic signals
544,gray scale projection,gray scale projection
545,head swaying,head swaying
545,head sway,head swaying
546,seatbelt detection,seatbelt detection
547,real-time video analysis,real-time video analysis
547,video analysis,real-time video analysis
548,spatial location of three key points,spatial location of three key points
549,fmri,fmri
550,steering grip force,steering wheel grip force
550,steering wheel grip strength,steering wheel grip force
550,force applied to the steering wheel,steering wheel grip force
550,steering wheel grip force,steering wheel grip force
551,emotional activation,emotional activation
552,driver's age detection,driver's age detection
553,mind wave data via neurosky,mind wave data via neurosky
554,iris positioning,iris positioning
555,skin electric potential,skin electric potential
556,lower-face contour,lower-face contour
557,infrared illumination,infrared (ir) light
557,infrared (ir) light,infrared (ir) light
557,infrared leds,infrared (ir) light
557,infrared (ir) sensor,infrared (ir) light
558,palm electrodermal activity (peda),palm electrodermal activity (peda)
559,nds,nds
560,eda,eda
561,graphology,graphology
562,pmn-pt crystal sensor,pmn-pt crystal sensor
563,between-frame entropy,between-frame entropy
564,percentage of time with eyes closed,percentage of time with eyes closed
564,closed eye duration,percentage of time with eyes closed
565,neural network,neural network
566,asm search algorithm,asm search algorithm
567,self-reported stress,self-reported stress
568,vld,vld
569,mouth opening ratio (mor),mouth opening ratio (mor)
569,mouth opening rate (mor),mouth opening ratio (mor)
570,breaking time,breaking time
571,response time,response time
572,eye movement analysis,eye movement indicators
572,eye movement measures,eye movement indicators
572,eye movement detection,eye movement indicators
572,gaze indicator,eye movement indicators
572,eye movement indicators,eye movement indicators
573,angular velocity,angular velocity
574,feature orientation fusion,feature orientation fusion
575,vehicle rotation pattern,vehicle rotation pattern
576,handcrafted features,handcrafted features
577,self-rating scales,self-rating scales
578,reflex-related features,reflex-related features
579,p300,p300
580,gravity,gravity
581,gaze transition entropy (gte),gaze transition entropy (gte)
582,saccade-based features,saccade-based features
583,facial key points,facial key points
583,facial 3d keypoints,facial key points
584,sunglasses detection,sunglasses detection
585,yaw angles,yaw angles
586,heading error,heading error
587,finger temperature (ft),finger temperature (ft)
588,percent eye-closure over a fixed time window (perclos),percent eye-closure over a fixed time window (perclos)
589,pressure-sensitive mat,pressure-sensitive mat
590,ultra-wideband radar,ultra-wideband radar
591,beat frequency of sight line,beat frequency of sight line
592,hand landmarks,hand landmarks
593,torque input,torque input
594,pedal and steering operation,pedal and steering operation
595,face occlusions,face occlusions
596,bio-sensing technologies,bio-signal sensors
596,biosignal sensors,bio-signal sensors
596,bio-signal sensors,bio-signal sensors
597,saccadic parameters,saccadic parameters
598,head misalignment time,head misalignment time
599,latency to pupil constriction,latency to pupil constriction
600,940nm infrared emitting diode,940nm infrared emitting diode
601,blood mrna,blood mrna
602,iconic classifiers,iconic classifiers
603,transformer-type angular displacement sensor,transformer-type angular displacement sensor
604,lips movement ratio (lmr),lips movement ratio (lmr)
605,obd2 sensor,obd2 sensor
606,pulse rate,pulse rate
606,heart rate,pulse rate
606,pulse,pulse rate
607,brake pressure,brake pressure
608,'action unit (au) measurements','action unit (au) measurements'
609,inappropriate line crossings,inappropriate line crossings
610,unsafe driving state dataset (uds),unsafe driving state dataset (uds)
611,facial action recognition,facial action recognition
612,lane tracking performance,lane tracking performance
612,lane tracking data,lane tracking performance
613,sdlp,sdlp
614,idt capacitive sensor,idt capacitive sensor
615,tactile,tactile
616,hyper spectrum camera,hyper spectrum camera
617,side-slip angle,side-slip angle
618,transport fatigue assessment shift log,transport fatigue assessment shift log
619,video-based behavioral analysis,video-based behavioral analysis
619,behavioral data acquisition through video analysis,video-based behavioral analysis
620,headway distance,headway distance
621,mwt,mwt
622,embedded performance measures,embedded performance measures
623,angle sensor,angle sensor
624,facial microfeatures,facial microfeatures
625,attitude feature,attitude feature
626,standard deviation of acceleration rate (sda),standard deviation of acceleration rate (sda)
627,video,video
628,heart activity,heart activity
629,perclos measurement,perclos measurement
629,perclos value,perclos measurement
630,fixation time,fixation time
631,grip monitoring,grip monitoring
632,eda sensor gloves,eda sensor gloves
633,pressure maps,pressure maps
634,work schedule,work schedule
635,piezoresistive,piezoresistive
636,face location,face location
636,face organ location,face location
637,head micromovements,head micromovements
638,lane-related signals,lane-related signals
638,lane-related information,lane-related signals
639,actiwatch,actiwatch
640,multi-scale pyramidal face representation,multi-scale pyramidal face representation
641,taking eyes off the road,taking eyes off the road
642,bvp,bvp
643,vehicle position monitoring,vehicle position monitoring
644,joint angles,joint angles
645,inspiration duration,inspiration duration
646,pupillography (pupil unrest index),pupillography (pupil unrest index)
646,pupillography,pupillography (pupil unrest index)
646,pupillary unrest index,pupillography (pupil unrest index)
647,mouth movements,mouth movements
647,mouth activity,mouth movements
648,driving errors,driving errors
649,nose length ratio (nlr),nose length ratio (nlr)
650,microphone,microphone
651,histogram oriented gradient (hog),histogram oriented gradient (hog)
652,skt,skt
653,sleep,sleep
654,blinking frequency,blinking rate
654,blinking rate,blinking rate
655,gas pedal,gas pedal
656,pvt objective test of alertness,pvt objective test of alertness
657,keyframe selection algorithm,keyframe selection algorithm
658,subjective workload assessment,subjective workload assessment
659,muscular discomfort scores,muscular discomfort scores
660,force platform,force platform
661,video processing,image processing
661,traditional image processing,image processing
661,image processing,image processing
662,flight data,flight data
663,eye-lid positions,eye-lid positions
664,viola-jones,viola-jones
665,lane detection using hough transform,lane detection using hough transform
666,facial landmark localization,facial landmark alignment
666,facial landmark features,facial landmark alignment
666,facial landmark alignment,facial landmark alignment
666,face alignment,facial landmark alignment
667,brain-computer interface (bci) device,brain-computer interface (bci) device
668,technician-observed drowsiness,technician-observed drowsiness
669,camera-based data acquisition,camera-based data acquisition
669,image-based data acquisition,camera-based data acquisition
670,bcg,bcg
671,portable system,portable system
672,demographic data,demographic data
673,nasa-tlx,nasa-tlx
674,light,light
675,sift,sift
676,longitudinal acceleration,longitudinal acceleration
677,eye feature variables,eye feature variables
677,ocular variables,eye feature variables
678,karolinska sleepiness scale (kss),karolinska sleepiness scale (kss)
679,facial coordinates extraction,facial landmarks extraction
679,facial landmarks extraction,facial landmarks extraction
679,facial landmarks detection,facial landmarks extraction
680,infrared temperature tester,infrared temperature tester
681,vehicle-based measures,vehicle-based measures
682,heog,heog
683,r-r-i,r-r-i
684,fuzzy logic system,fuzzy logic system
685,psychomotor performance testing,psychomotor performance testing
686,high speed image sequence,high speed image sequence
687,head posture,head posture
687,head posture offset,head posture
687,head orientation,head posture
687,head posture euler angle,head posture
688,image differential projection function,image differential projection function
689,simulated driving performance,simulated driving performance
689,driving simulator,simulated driving performance
690,vehicle control,vehicle control
691,sleep logbook,sleep logbook
692,biomechanical data,biomechanical data
693,motional,motional
694,lf/hf ratio from hrv of ppgi,lf/hf ratio from hrv of ppgi
695,gabor filter,gabor filter
696,multi-point pressure detection,multi-point pressure detection
697,driver's images,driver's images
698,doppler sensor,doppler sensor
699,maneuver recognition,maneuver recognition
700,neurobehavioral ability performance,neurobehavioral ability performance
701,initial speed,initial speed
702,slow eye movement (sem),slow eye movement (sem)
703,mind wandering questionnaire,mind wandering questionnaire
704,ppg pulse sensor,ppg pulse sensor
705,mouse velocity,mouse velocity
706,environment temperature information,environment temperature information
707,facial images,facial data
707,facial information,facial data
707,facial data,facial data
708,neural data acquisition,neural data acquisition
709,skin micro-movements,skin micro-movements
710,anthropometric measures,anthropometric measures
711,radio-image features,radio-image features
712,leaning detection,leaning detection
713,visual cues,visual cues
714,breathing patterns,breathing patterns
715,spatial fuzzy e-means (s-fcm) clustering,spatial fuzzy e-means (s-fcm) clustering
716,facial sequences,facial sequences
717,thermal image,thermal image
717,thermal image processing,thermal image
718,respiratory effort,respiratory effort
719,kinematic parameters,kinematic parameters
720,facial subsampling (eyes and mouth),facial subsampling (eyes and mouth)
721,ambient noise,ambient noise
722,face position difference (fpd),face position difference (fpd)
723,gray projection variance threshold analysis,gray projection variance threshold analysis
724,reopening speed,reopening speed
725,eye and mouth movements detection,eye and mouth movements detection
725,eye and lip motion detection,eye and mouth movements detection
726,assr,assr
727,radar fusion,radar fusion
728,contactless uwb sensor,contactless uwb sensor
729,physiological signals,physiological
729,physiological,physiological
729,physiology,physiological
730,binary pattern,binary pattern
731,motion vectors,motion vectors
732,pedal input,pedal input
733,skin blood flow information,skin blood flow information
734,polysomnography,polysomnography
734,polysomnography (psg),polysomnography
735,neuromorphic camera,neuromorphic camera
736,autocamera,autocamera
737,optical sensor,optical sensor
738,respiratory rhythm,respiratory rhythm
739,computerized multitasking measure,computerized multitasking measure
740,eye closure percentage,eye closure percentage
741,standard deviation of steering wheel movement,standard deviation of steering wheel movement
742,lateral position variations,lateral position variations
743,principal component analysis,principal component analysis
744,magnetic induction measurement,magnetic induction measurement
745,vanet,vanet
746,postural assessment using light sonometer,postural assessment using light sonometer
747,view ray analysis,view ray analysis
748,driving time,driving time
749,galvanometer,galvanometer
750,attentional performance monitoring,attentional performance monitoring
751,posture information,posture information
751,body posture,posture information
752,blink frequency (bf),blink frequency (bf)
753,infrared depth sensor,infrared depth sensor
754,distracted driving detection,distracted driving detection
755,grip pressure,grip pressure
755,hand pressure,grip pressure
756,electrocardiosignals (ecs),electrocardiosignals (ecs)
757,curvature of upper eyelid,curvature of upper eyelid
758,vision sensor,vision sensor
758,image sensor,vision sensor
759,eye state descriptors,eye state images
759,eye states,eye state images
759,eye state images,eye state images
759,eye state feature,eye state images
760,out-of-lane driving events,out-of-lane driving events
761,ecd,ecd
762,control-related features,control-related features
763,viola-jones face detection,viola-jones face detection
764,fatigue monitoring system famos,fatigue monitoring system famos
765,eye blink artifacts,eye blink artifacts
765,eye blink patterns,eye blink artifacts
766,brain connectivity networks,brain connectivity networks
767,kullback-leibler (kl) entropy,kullback-leibler (kl) entropy
768,gsr,gsr
769,breath characteristics,breath characteristics
770,environmental,environmental
771,hand over-face touches,hand over-face touches
772,palmpilot-based psychomotor vigilance task,palmpilot-based psychomotor vigilance task
772,psychomotor vigilance task,palmpilot-based psychomotor vigilance task
773,eye closeness,eye closeness
774,rectangle features,rectangle features
775,speech signal,speech signal
776,mimo radar,mimo radar
777,ear ratio system,ear ratio system
778,seismocardiography,seismocardiography
779,biomathematical fatigue modelling,biomathematical fatigue modelling
780,timing,timing
781,range images,range images
782,final speed,final speed
783,rudder pedal tracking,rudder pedal tracking
784,pixel-pattern-based texture features,pixel-pattern-based texture features
785,facial rotary angle,facial rotary angle
786,face,face
787,contactless temperature measurements,contactless temperature measurements
788,skin signals,skin signals
789,force derivative,force derivative
790,visual image,visual image
790,visual,visual image
791,color spaces,color spaces
792,speech techniques,speech techniques
793,face video analysis,face video analysis
794,facial areas,facial areas
795,eye contour parameters,eye contour parameters
796,palm temperatures,palm temperatures
797,facial feature extraction,facial feature extraction
797,facial multi-granularity feature extraction,facial feature extraction
798,self-assessment manikin scale,self-assessment manikin scale
799,blink categories,blink categories
800,face pose estimation,face pose estimation
801,cnn-based classification,cnn-based classification
802,outside camera,outside camera
803,sleep-specific questions,sleep-specific questions
804,mouth openness,mouth openness
805,head pitch angle,head pitch angle
805,head pitch angle (hpa),head pitch angle
806,pro-saccades,anti-saccades
806,anti-saccades,anti-saccades
807,observer rating of drowsiness (ord),observer rating of drowsiness (ord)
808,vertical neck bending angles,vertical neck bending angles
809,bright pupil effect,bright pupil effect
809,pupil reaction to light,bright pupil effect
810,acceleration values,acceleration readings
810,acceleration readings,acceleration readings
810,acceleration data,acceleration readings
811,human skin color detection,human skin color detection
811,skin color segmentation,human skin color detection
812,face clustering,face clustering
813,pupil response,pupil movement
813,pupil change,pupil movement
813,pupil movement speed,pupil movement
813,pupil movement,pupil movement
814,physical movement-based methods,physical movement-based methods
815,driver's power of gripping,driver's power of gripping
816,oculomotor movement,oculomotor movement
817,vehicle information,vehicle data
817,vehicle data,vehicle data
817,vehicle telemetry data,vehicle data
817,vehicle running data,vehicle data
817,real-time vehicle data,vehicle data
818,expiration duration,expiration duration
819,steering pressure,steering pressure
819,steering-wheel grip pressure,steering pressure
820,nirs,nirs
821,median absolute deviation,median absolute deviation
822,body movement recorder,body movement recorder
823,mechanical,mechanical
824,head poses,head poses
825,pedal pressure,pedal pressure
826,pulse oximetry,pulse oximetry
827,blood pressures,blood pressures
828,muscle forces,muscle forces
829,eeg alpha power,eeg alpha power
830,3-d sensor,3-d sensor
831,electrocardiographic waveform measurement,electrocardiographic waveform measurement
832,emotion state analysis,emotion state analysis
833,triboelectric sensors,triboelectric sensors
834,average speed,average speed
835,horizontal acceleration,horizontal acceleration
835,lateral acceleration,horizontal acceleration
836,eye closing,eye closing
836,closed eyes,eye closing
837,visible video,visible video
838,openmv camera,openmv camera
839,short and long-range radars,short and long-range radars
840,rgb images,rgb images
841,eyeblink recognition,eyeblink recognition
842,constriction amplitude,constriction amplitude
843,flicker test,flicker test
844,end tidal co2,end tidal co2
845,davis sensor,davis sensor
846,stop-bang questionnaire,stop-bang questionnaire
847,facial near-infrared images,facial near-infrared images
848,smooth pursuit,smooth pursuit
849,peripheral temperature,peripheral temperature
850,entropy,entropy
850,sample entropy,entropy
851,magnetic impedance sensor,magnetic impedance sensor
852,portable sleep monitors,portable sleep monitors
853,standard deviation from the center of the road (sds),standard deviation from the center of the road (sds)
854,co2 sensor,co2 sensor
855,behavioral parameters,behavioral parameters
856,lane departure,lane departure
857,rfid-based respiration monitoring,rfid-based respiration monitoring
858,efv,efv
859,speech data,speech data
860,facial geometry-based eye region detection,facial geometry-based eye region detection
861,physiological instrument,physiological instrument
862,eye-based,eye-based
863,kss fatigue self-assessment scale,kss fatigue self-assessment scale
864,wireless dry eeg,wireless dry eeg
865,respiration belt,respiration belt
866,visual input,visual input
867,video information,video information
867,video data,video information
868,eye-related,eye-related
869,geometric measurements of facial features,geometric measurements of facial features
870,contourlet transform,contourlet transform
871,cabin crew questionnaires,cabin crew questionnaires
872,prosodic,prosodic
873,driving tests,driving tests
874,68-point face landmark identification,68-point face landmark identification
875,face angle measurement,face angle measurement
876,optical motion capture,optical motion capture
877,fixation stability,fixation stability
878,iris detection,iris detection
879,lateral distance,lateral distance
880,driver sleepiness score (dss),driver sleepiness score (dss)
881,wavelet-based connectivity,wavelet-based connectivity
882,yawn times,yawn times
883,subjective report,subjective report
884,camera-based eye tracking,eye-tracking
884,eye-tracking,eye-tracking
884,eyelid tracking,eye-tracking
884,eye tracker,eye-tracking
885,wearable actigraph,wearable actigraph
886,vertical projection matching,vertical projection matching
887,seat position,seat position
888,smartphone sensors,smartphone sensors
889,ir-uwb radar,ir-uwb radar
890,automatic speech recognition systems errors,automatic speech recognition systems errors
891,wrist pulse signals,wrist pulse signals
892,mouth closure,mouth closure
893,gyroscope-based head movement,gyroscope-based head movement
894,blink-based metrics,blink-based metrics
895,diaries,diaries
896,near-infrared spectroscopy (nirs),near-infrared spectroscopy (nirs)
897,video-based eye closure,video-based eye closure
898,vibration acceleration,vibration acceleration
899,adaboost cascade classifier,adaboost cascade classifier
900,saccadic eye movements,saccadic eye movements
901,video-based heart rate estimation,video-based heart rate estimation
902,facial fatigue feature detection,facial fatigue feature detection
903,corner detection algorithm,corner detection algorithm
904,wavelet coefficients,wavelet coefficients
905,cutting force,cutting force
906,blood volume pulse,blood volume pulse
907,eye condition,eye condition
908,head nod frequency (hnf),head nod frequency (hnf)
909,facial dynamic changes,facial dynamic changes
910,john's drowsiness score (jds),john's drowsiness score (jds)
911,mouth opening frequency,mouth opening frequency
912,facial scanning,facial scanning
913,biobehavioural data,biobehavioural data
914,racing wheel motion,racing wheel motion
915,head detection,head detection
915,head motion detection,head detection
916,self-reported fatigue feelings,self-reported fatigue feelings
916,subjective fatigue report,self-reported fatigue feelings
917,multisensor-based,multisensor-based
918,photoplethysmograph,photoplethysmograph
918,photoplethysmograms,photoplethysmograph
919,subjective rating,subjective rating
920,internal zone of the mouth opening,internal zone of the mouth opening
921,driving operation data,driving operation data
922,eye image matching,eye image matching
923,icaam-based facial analysis,icaam-based facial analysis
924,activity monitors,activity monitors
925,stereo vision,stereo vision
926,vision-based techniques,vision-based techniques
926,computer-vision techniques,vision-based techniques
927,performance measures,performance measures
928,ocular metrics,ocular metrics
929,gaze variability,gaze variability
930,facial action coding system (facs),facial action coding system (facs)
931,haar-like algorithm,haar-like algorithm
932,vibration sensors,vibration sensors
933,vehicle driving dynamics,vehicle driving dynamics
934,vpvt,vpvt
935,hands on mouth,hands on mouth
936,psychological assessment,psychological assessment
937,steering operation,steering operation
938,psychophysiological tests,psychophysiological tests
939,video stream processing (vsp),video stream processing (vsp)
940,chronometric cognitive tests,chronometric cognitive tests
941,fnirs,fnirs
942,sagging posture,sagging posture
943,video signals,video signals
944,seat pressure,seat pressure
945,mouth location,mouth location
946,chest movement,chest movement
947,vehicle-based performance data,vehicle-based performance data
948,frontal acceleration,frontal acceleration
949,inclination of the driver's head,inclination of the driver's head
950,humidity sensor,humidity sensor
951,head features,head features
952,gabor images,gabor images
953,reaction and cognitive function tests,reaction and cognitive function tests
954,edge detection with prewitt operator,edge detection with prewitt operator
955,3d facial action unit identification,3d facial action unit identification
956,stroop effect,stroop effect
957,vehicle-based sensors,vehicle-based sensors
958,eyes,eyes
959,sdl,sdl
960,psg,psg
961,colored and infrared eye features,colored and infrared eye features
962,force-sensitive resistance pressure sensors,force-sensitive resistance pressure sensors
963,skin tone,skin tone
964,2-d camera,2-d camera
965,eog,eog
966,pulse signal detection,pulse signal detection
967,lane positioning,lane positioning
967,lane position variability,lane positioning
968,subjective feeling,subjective feeling
969,perclos method,perclos method
970,mouth detection,mouth detection
970,mouth movement detection,mouth detection
971,steering wheel data acquisition,steering wheel data acquisition
972,physical features,physical features
973,eyebrow movement detection,eyebrow movement detection
974,lane excursion events,lane excursion events
975,dynamic threshold value for eyes status,dynamic threshold value for eyes status
976,image analysis,image analysis
977,tracking cameras,tracking cameras
978,vehicular features,vehicular features
979,optical image information processing,optical image information processing
980,vehicle-driver interaction,vehicle-driver interaction
981,pupillary light reflex (plr),pupillary light reflex (plr)
982,electrodermal reactions (edr),electrodermal reactions (edr)
983,heart rate (hr),heart rate (hr)
984,vehicle trajectory,vehicle trajectory
984,vehicle trajectory analysis,vehicle trajectory
985,eye-validation process,eye-validation process
986,standard deviation of yaw rate acceleration (sdy),standard deviation of yaw rate acceleration (sdy)
987,blood oxygen,blood oxygen
988,facial expressions,facial expressions
988,'facial expression',facial expressions
989,eye and mouth vertical distances,eye and mouth vertical distances
990,driving attributes,driving attributes
991,cradle head tracking system,cradle head tracking system
992,eye closure via pupil area measurement,eye closure via pupil area measurement
993,epworth sleepiness scale,epworth sleepiness scale
994,motion detection,motion detection
995,nir face video,nir face video
996,facial attributes,facial attributes
997,behavioral monitoring,behavioral monitoring
998,salivary assay,salivary assay
999,wrist-worn alertness device,wrist-worn alertness device
1000,in-cabin video streams,in-cabin video streams
1001,eye blink intervals (ebis),eye blink intervals (ebis)
1002,driver behavior,driver behavior
1003,self-rated scoring,self-rated scoring
1004,mouth state,mouth state
1005,respiration signals,respiration signals
1006,eye landmarks,eye landmarks
1007,blink times,blink
1007,blink number,blink
1007,blink,blink
1008,saccade-based metrics,saccade-based metrics
1009,raspberry pi cameras,raspberry pi cameras
1010,inertial measurement unit (imu),inertial measurement unit (imu)
1011,tracking error statistics,tracking error statistics
1012,reaction time assessment,reaction time assessment
1013,clutch pedal,clutch pedal
1014,mouth size,mouth size
1015,functional network,functional network
1016,lane wandering,lane wandering
1017,horizontal projection,horizontal projection
1018,facial descriptors,facial descriptors
1019,eyeblink durations,eyeblink durations
1019,gaze duration,eyeblink durations
1020,average eye closed time (aect),average eye closed time (aect)
1021,vehicle acceleration,vehicle acceleration
1022,actimetry,actimetry
1023,behavioral data,behavioral data
1024,detection-response task performance,detection-response task performance
1025,respiration period,respiration period
1026,breath sensor,breath sensor
1027,eyelid activity indicators,eyelid activity indicators
1028,tvf-emd,tvf-emd
1029,fixation rate,fixation rate
1030,adaptive-threshold segmentation,adaptive-threshold segmentation
1031,video recordings,video recordings
1032,sound,sound
1033,vehicle's environment temperature,vehicle's environment temperature
1034,perclos detection,perclos detection
1035,speech,speech
1036,yaw rate acceleration,yaw rate acceleration
1037,seat-embedded piezoelectric sensors,seat-embedded piezoelectric sensors
1038,electro-mechanical installed sensors,electro-mechanical installed sensors
1039,acoustic sensor,acoustic sensor
1040,bioelectric signal features,bioelectric signal features
1041,acceleration-based,acceleration-based
1042,vehicle-related measurements,vehicle-related measurements
1043,lane gap,lane gap
1044,vehicle motion parameters,vehicle motion parameters
1045,local binary pattern analysis,local binary pattern analysis
1046,respiratory signal,respiratory signal
1047,steering pattern analysis,steering pattern analysis
1048,infrared camera,infrared camera
1048,infrared video,infrared camera
1049,remote cameras,remote cameras
1050,eye signals,eye signals
1051,camera-based sleep detection,camera-based sleep detection
1052,speed,speed
1053,brain waves,brain waves
1054,depth cameras,depth cameras
1055,clustering algorithm,clustering algorithm
1056,heart rate time series,heart rate time series
1057,physiological parameters,physiological parameters
1058,eye movement scatter,eye movement scatter
1059,eye state recognition via binoculus image,eye state recognition via binoculus image
1060,head gesture,head gesture
1061,physiological features,physiological features
1062,lane heading,lane heading
1063,mouth-yawn,mouth-yawn
1064,camera-based,camera-based
1064,video-based,camera-based
1065,actigraph bracelets,actigraph bracelets
1066,heart beat detection,heart beat detection
1067,infrared thermography,infrared thermography
1068,consecutive eye closure frames,consecutive eye closure frames
1069,mouth feature points curve fitting,mouth feature points curve fitting
1070,eye state relative to eyelids,eye state relative to eyelids
1071,behavioral features,behavioral features
1072,steering wheel movements (swm),steering wheel movements (swm)
1073,subjective questionnaire (sq),subjective questionnaire (sq)
1074,abnormal eye-blinking,abnormal eye-blinking
1075,eye feature extraction,eye feature extraction
1076,contact sensors,contact sensors
1077,reflective photoplethysmography,reflective photoplethysmography
1078,facial key point detection,facial key point detection
1079,driver's kinematics analysis,driver's kinematics analysis
1080,"vehicle performance measures (speed, acceleration, brake pedal, gas pedal, steering angle, lateral position)","vehicle performance measures (speed, acceleration, brake pedal, gas pedal, steering angle, lateral position)"
1081,facial skin-color analysis,facial skin-color analysis
1082,electrocardiograph (ecg),electrocardiograph (ecg)
1082,ecg,electrocardiograph (ecg)
1083,hrv,hrv
1084,eye image data,eye image data
1085,surface emg,surface emg
1086,electromyogram,electromyogram
1087,video-based eye blinking measurement,video-based eye blinking measurement
1088,near-infrared-ray (nir) camera,near-infrared-ray (nir) camera
1089,video sensing,video sensing
1090,mental fatigue data,mental fatigue data
1091,pupil activity (pa),pupil activity (pa)
1092,skin-tone extraction,skin-tone extraction
1093,percentage of eyelid closure (perclos),percentage of eyelid closure (perclos)
1094,steering wheel variability,steering wheel variability
1095,subjective assessments,subjective assessments
1096,steering wheel signal,steering wheel signal
1097,back pressure measurement,back pressure measurement
1098,sound recognition,sound recognition
1099,camera-based image processing,camera-based image processing
1100,electrophysiological methods,electrophysiological methods
1101,physiological sensors,physiological sensors
1102,skin color model,skin color model
1103,mouth status,mouth status
1104,iris and pupil measurement,iris and pupil measurement
1105,kinect2.0 camera,kinect2.0 camera
1106,wearable sensors,wearable sensors
1107,deviation from the road,deviation from the road
1108,eye behavior,eye behavior
1108,eye activity,eye behavior
1109,face state video recognition,face state video recognition
1110,blink percentage,blink percentage
1111,voice information,voice information
1112,eye opening and closing ratio,eye opening and closing ratio
1113,video classification,video classification
1114,voice quality features,voice quality features
1115,webcam,webcam
1116,temperature difference,temperature difference
1117,eyelid state,eyelid state
1118,spectrum entropy,spectrum entropy
1119,amplitude of pupil constriction,amplitude of pupil constriction
1120,cascade object detection,cascade object detection
1121,eye gaze patterns,eye gaze patterns
1122,pulse wave sensor,pulse wave sensor
1123,eye-blink video sequences,eye-blink video sequences
1124,cognitive task,cognitive task
1125,perception-related features,perception-related features
1126,driving,driving
1127,vehicle-based methods,vehicle-based methods
1128,respiration rate,respiration rate
1129,camera images,camera images
1130,berlin questionnaire,berlin questionnaire
1131,approximate entropy,approximate entropy
1132,facial correlation feature fusion extraction network,facial correlation feature fusion extraction network
1133,blinking activity,blinking activity
1134,longitudinal speed,longitudinal speed
1135,facial video-based measurement,facial video-based measurement
1136,steering wheel axis pattern,steering wheel axis pattern
1137,skin electricity,skin electricity
1138,subjective data,subjective data
1139,vehicle speed,vehicle speed
1140,s-emg,s-emg
1141,connected component analysis,connected component analysis
1142,gaze-bin analysis,gaze-bin analysis
1143,neck movement analysis,neck movement analysis
1144,video tracking,video tracking
1145,eyebrow shape,eyebrow shape
1146,lane drifts,lane drifts
1147,respiration analysis,respiration analysis
1148,theta/beta,theta/beta
1149,eyelid opening,eyelid opening
1150,eye localization,eye localization
1151,facial monitoring,facial monitoring
1152,differential entropy,differential entropy
1153,perclos70-80-90%,perclos70-80-90%
1153,perclos70,perclos70-80-90%
1154,remote photoplethysmography (rppg),remote photoplethysmography (rppg)
1155,mathematical morphology,mathematical morphology
1156,movement,movement
1157,bi-directional projection integral,bi-directional projection integral
1158,computer vision-based facial analysis,computer vision-based facial analysis
1159,blinking measurement,blinking measurement
1160,vehicle-based features,vehicle-based features
1161,facial expression tracking,facial expression tracking
1161,facial gesture tracking,facial expression tracking
1162,car acceleration sensors,car acceleration sensors
1163,outside video streams,outside video streams
1164,brake,brake
1165,count of yawn,count of yawn
1166,pulse wave velocity,pulse wave velocity
1167,multiple sleep latency test (mslt),multiple sleep latency test (mslt)
1168,steering features,steering features
1169,three-axis accelerometer,three-axis accelerometer
1170,b-ors,b-ors
1171,lane departure data,lane departure data
1172,sleep logs,sleep logs
1173,ccd image sensor camera,ccd image sensor camera
1174,head pose (hp),head pose (hp)
1175,core body temperature,core body temperature
1176,infrared detectors,infrared detectors
1177,saccadic velocity,saccadic velocity
1178,facial morphological features,facial morphological features
1179,inertial data,inertial data
1180,semantic image segmentation,semantic image segmentation
1181,steering reaction,steering reaction
1182,eye aspects,eye aspects
1183,steering wheel variables,steering wheel variables
1184,speed analysis,speed analysis
1185,steering corrections,steering corrections
1186,blink duration,blink duration
1187,self-assessment fatigue results,self-assessment fatigue results
1188,unscented kalman filter,unscented kalman filter
1189,accelerator sensor,accelerator sensor
1190,gaze vector,gaze vector
1191,visual detection,visual detection
1192,bio-signal variation,bio-signal variation
1193,electrooculograms,electrooculograms
1194,eye closure rate (ecr),eye closure rate (ecr)
1195,optical eye tracking (oet),optical eye tracking (oet)
1196,steering wheel angular velocity,steering wheel angular velocity
1197,eye openness estimation,eye openness estimation
1198,head-tilt,head-tilt
1199,gaze measurement,gaze measurement
1200,mouth features,mouth features
